game,platform,metric_scope,copies_sold,physical_share_pct,positive_review_pct,release_date,price_usd,as_of_date,source_url,notes
007 First Light,PS5,PS5,2000000,21,,,,2026-07-03,https://alineaanalytics.substack.com/p/2026s-top-playstation-games-by-copies,~60% of players on PS; on market ~2 months
Crimson Desert,PS5,PS5,1900000,19.9,,2026-03-19,70,2026-07-03,https://alineaanalytics.substack.com/p/2026s-top-playstation-games-by-copies,>1.5M sold Mar-Apr; ~112K last month ($8M); PS5 is secondary platform after Steam
Forza Horizon 5,PS5,PS5 total,6200000,,,2025-05-01,,2026-07-03,https://alineaanalytics.substack.com/p/2026s-top-playstation-games-by-copies,+1.2M in 2026 ($55M); 150-250K/month; Steam version 8.3M / $314M; PS5 port May 2025
Ghost of Yotei,PS5,PS5 lifetime,4800000,,,2025-10-02,70,2026-06-11,https://alineaanalytics.substack.com/p/how-are-recent-playstation-studios,Avg playtime 47.7h (median 45.5); ~7% over 100h; 1st discount -29% ($49.69) added ~250K in 2 weeks
DEATH STRANDING 2: ON THE BEACH,PS5,PS5,1700000,,,2025-06-26,,2026-06-11,https://alineaanalytics.substack.com/p/how-are-recent-playstation-studios,Kojima Productions (second-party)
DEATH STRANDING 2: ON THE BEACH,all (PS5+Steam),lifetime,2300000,,,2025-06-26,,2026-06-11,https://alineaanalytics.substack.com/p/how-are-recent-playstation-studios,Steam port 19/03/2026 added ~600K ($35M); China 42% of Steam copies
MLB The Show 26,PS5,PS5,745000,,,2026-03-17,,2026-06-11,https://alineaanalytics.substack.com/p/how-are-recent-playstation-studios,~95% North America; DAU ~500K; selling slower than 2025 edition (~1.2M by same point); 30%+ players over 100h
Saros,PS5,PS5,406000,,,2026-04-30,,2026-06-11,https://alineaanalytics.substack.com/p/how-are-recent-playstation-studios,Housemarque; likely won't break even without PC port
Marathon,PS5,PS5,347000,,,2026-03-05,,2026-06-11,https://alineaanalytics.substack.com/p/how-are-recent-playstation-studios,Bungie; ~75K after Season 2 free week
God of War Sons of Sparta,PS5,PS5,132000,,,2026-02-12,,2026-06-11,https://alineaanalytics.substack.com/p/how-are-recent-playstation-studios,Metroidvania spin-off; shadow-dropped
Forza Horizon 6,all (Steam+Xbox),launch (1 week),4900000,,80,2026-05-19,,2026-05-22,https://alineaanalytics.substack.com/p/forza-horizon-6-has-already-sold,2.1M Xbox / 2.8M Steam; 3M+ via Game Pass; 1.7M advanced access; adv launch 15/05; 80% positive (86% excl Chinese)
Forza Horizon 5,PS5,PS5 (year 1),6000000,,,2025-05-01,,2026-05-22,https://alineaanalytics.substack.com/p/forza-horizon-6-has-already-sold,Reference: sold ~6M on PS5 in ~1 year after port
Subnautica 2,all (Steam+Xbox),launch (1 week),4100000,,91,2026-05-13,,2026-05-20,https://alineaanalytics.substack.com/p/subnautica-2-passes-4m-sold-and-100m,4M Steam / <100K Xbox; 2.4M via Game Pass (>6M total players); 5.5M wishlists (<9% converted); 91% positive (93% excl Chinese); release date approx
Assassin's Creed Black Flag Resynced,Steam,pre-launch,300000,,,2026-07-09,59.99,2026-07-07,https://alineaanalytics.substack.com/p/two-summer-games-due-to-make-a-big,300K+ Steam pre-launch; 5.39x more Steam copies than AC Shadows at same 2-days-out milestone
Assassin's Creed Shadows,all (PS5+Steam+Xbox),lifetime,5700000,,,2025-03-01,,2026-07-07,https://alineaanalytics.substack.com/p/two-summer-games-due-to-make-a-big,Split 53.6% PS5 / 23.8% Steam / 23.6% Xbox; 1.3M lifetime on Steam; reference figure
Fields of Mistria,Steam,lifetime (early access),1000000,,,2024-08-01,13.99,2026-07-07,https://alineaanalytics.substack.com/p/two-summer-games-due-to-make-a-big,Since Aug 2024 EA; 1.0 on 05/08/2026; 700K wishlists (15-30% also played Stardew monthly)
Stardew Valley,all,lifetime,50000000,,,2016-02-26,,2026-07-07,https://alineaanalytics.substack.com/p/two-summer-games-due-to-make-a-big,>50M and >$500M lifetime; +4.2M copies in 2026; reference figure
Lego Batman: Legacy of the Dark Knight,all (PS5+Xbox+Steam),launch (1 week),1200000,,96,2026-05-22,70,2026-05-27,https://alineaanalytics.substack.com/p/lego-batman-12m-sold-in-a-week,Split 53.3% PS5 / 25.1% Xbox / 21.6% Steam; revenue 56.4% PS / 25.4% Xbox / 18.2% Steam; adv access 19 May; premium up to $90; Steam 96% positive
007 First Light,Steam,launch (3 days),450000,,,2026-05-17,,2026-05-29,https://alineaanalytics.substack.com/p/007-sells-nearly-500k-on-steam,Over 450K Steam in 3 days; IOI announced 1.5M in first 24h (sold-in); China #2 Steam market (18%)
007 First Light,all (PS5+Steam+Xbox),lifetime,2200000,,,2026-05-17,,2026-06-03,https://alineaanalytics.substack.com/p/mays-top-playstation-games-by-copies,Split 55.1% PS5 / 33.1% Steam / 11.8% Xbox; revenue 60.5% PS / 27.6% Steam / 12.9% Xbox
Minecraft,all,lifetime,350000000,,,2011-11-18,,2026-06-03,https://alineaanalytics.substack.com/p/mays-top-playstation-games-by-copies,Best-selling game of all time; >350M across all platforms
Grand Theft Auto V,all,lifetime,230000000,,,2013-09-17,,2026-06-03,https://alineaanalytics.substack.com/p/mays-top-playstation-games-by-copies,Franchise passed 230M all platforms; 225M cited in GTA6 FAQ (25 Jun)
Gran Turismo 7,PS5,PS5 lifetime,12000000,,,2022-03-04,,2026-06-18,https://alineaanalytics.substack.com/p/how-sonys-games-have-sold-on-playstation,+835K in 2026; discounts down to $20 from $60
Forza Horizon 5,PS5,PS5 lifetime,6000000,,,2025-05-01,,2026-06-18,https://alineaanalytics.substack.com/p/how-sonys-games-have-sold-on-playstation,~$100M of that went to PlayStation
MLB The Show 26,PS5,PS5,756000,,,2026-03-17,,2026-06-18,https://alineaanalytics.substack.com/p/how-sonys-games-have-sold-on-playstation,Tracking behind 2025 edition
Astro Bot,PS5,PS5 lifetime,4300000,,,2024-09-06,,2026-06-18,https://alineaanalytics.substack.com/p/how-sonys-games-have-sold-on-playstation,Top crossover is Astro's Playroom (PS5 pack-in)
Saros,PS5,PS5 (2 weeks),300000,,,2026-04-30,70,2026-05-12,https://alineaanalytics.substack.com/p/saros-sells-300k-in-its-first-two,Adv access 28 Apr; ~1/3 sold in early access; budget $76M; DAU peak ~142K
Saros,PS5,PS5,415000,,,2026-04-30,70,2026-06-18,https://alineaanalytics.substack.com/p/how-sonys-games-have-sold-on-playstation,New creative bets landing below catalogue
Forza Horizon 6,Steam,pre-launch,1200000,,,2026-05-19,,2026-05-12,https://alineaanalytics.substack.com/p/saros-sells-300k-in-its-first-two,~1.1M+ copies pre-launch before 18 May launch
Forza Horizon 6,all (Steam+Xbox),estimate,6000000,,,2026-05-19,,2026-05-29,https://alineaanalytics.substack.com/p/007-sells-nearly-500k-on-steam,3.1M Steam / 2.9M Xbox (reader-requested estimate)
Subnautica 2,Steam,Steam,5400000,,,2026-05-13,,2026-06-15,https://alineaanalytics.substack.com/p/2026s-top-xbox-games-by-new-game,3.5M accessed via Game Pass on Xbox
Subnautica 2,Xbox,Xbox,100000,,,2026-05-13,,2026-06-15,https://alineaanalytics.substack.com/p/2026s-top-xbox-games-by-new-game,Only ~100K sold; 3.5M via Game Pass (cannibalisation)
Escape the Backrooms,PS5,PS5,600000,,,2026-05-28,,2026-06-15,https://alineaanalytics.substack.com/p/2026s-top-xbox-games-by-new-game,Console shadow-drop 28 May; originally off-console ~4 years earlier
Escape the Backrooms,Xbox,Xbox,30000,,,2026-05-28,,2026-06-15,https://alineaanalytics.substack.com/p/2026s-top-xbox-games-by-new-game,2.8M new Game Pass players; heavy cannibalisation
High on Life 2,PS5,PS5,100000,,,2026-02-13,,2026-06-15,https://alineaanalytics.substack.com/p/2026s-top-xbox-games-by-new-game,>100K PS5; day-and-date Game Pass on Xbox
High on Life 2,Xbox,Xbox,30000,,,2026-02-13,,2026-06-15,https://alineaanalytics.substack.com/p/2026s-top-xbox-games-by-new-game,1.4M via Game Pass; 87% played the first game
Pragmata,Steam,Steam,574000,,98,2026-04-17,60,2026-04-21,https://alineaanalytics.substack.com/p/pragmata-is-another-win-for-capcoms,Steam outperforming both consoles combined; 98% positive among 10-25h players
Pragmata,PS5,PS5,300000,,,2026-04-17,60,2026-04-21,https://alineaanalytics.substack.com/p/pragmata-is-another-win-for-capcoms,Nearing 300K on PS5; Capcom reported 1M sold-in in 2 days
Pragmata,Xbox,Xbox,100000,,,2026-04-17,60,2026-04-21,https://alineaanalytics.substack.com/p/pragmata-is-another-win-for-capcoms,Under 100K on Xbox
Marathon,all (Steam+PS5+Xbox),estimate,1500000,,,2026-03-05,,2026-05-29,https://alineaanalytics.substack.com/p/007-sells-nearly-500k-on-steam,68% Steam / 19% PS5 / 13% Xbox (reader-requested estimate)
Anno: Mutationem,all (Steam+PS+Xbox),estimate,250000,,,,,2026-05-29,https://alineaanalytics.substack.com/p/007-sells-nearly-500k-on-steam,73% Steam / 24% PlayStation / 3% Xbox (reader-requested estimate)
Monster Hunter Stories 3: Twisted Reflection,all (Steam+PS+Xbox),estimate,500000,,,,,2026-05-29,https://alineaanalytics.substack.com/p/007-sells-nearly-500k-on-steam,66% Steam / 29% PlayStation / 5% Xbox (reader-requested estimate)
Windrose,Steam,lifetime,1900000,,,,,2026-05-08,https://alineaanalytics.substack.com/p/aprils-top-games-by-copies-sold-across,on track to cross 2M imminently; ~15% of players 50+ hours; 250K+ DAU on weekdays
Pragmata,all (Steam+PS5+Xbox),launch month,1400000,,,,,2026-05-08,https://alineaanalytics.substack.com/p/aprils-top-games-by-copies-sold-across,Capcom new IP; sold through - no unsold retail; ~40% also played Resident Evil Requiem
Pragmata,Steam,launch month,840000,,,,,2026-05-08,https://alineaanalytics.substack.com/p/aprils-top-games-by-copies-sold-across,approx
Pragmata,PS5,launch month,500000,,,,,2026-05-08,https://alineaanalytics.substack.com/p/aprils-top-games-by-copies-sold-across,approx; almost 500K on PS5
Pragmata,Xbox,launch month,100000,,,,,2026-05-08,https://alineaanalytics.substack.com/p/aprils-top-games-by-copies-sold-across,approx; almost 100K on Xbox
Slay the Spire 2,Steam,lifetime,6400000,,,,,2026-05-08,https://alineaanalytics.substack.com/p/aprils-top-games-by-copies-sold-across,approx; since EA launch 2 months ago; China top market at >1/3 of copies sold
Helldivers 2,Steam,lifetime,14500000,,,,,2026-05-04,https://alineaanalytics.substack.com/p/the-xbox-and-playstation-games-with,close to half a billion; approx; launched Feb 2024 day-and-date PS5+Steam; Steam ~2/3 of lifetime audience; ~500K DAU on Steam
Ghost of Tsushima,Steam,lifetime,2700000,,,,,2026-05-04,https://alineaanalytics.substack.com/p/the-xbox-and-playstation-games-with,approx; still sells 50K-100K units/month depending on discounting
The Last of Us Part I,Steam,lifetime,2500000,,,,,2026-05-04,https://alineaanalytics.substack.com/p/the-xbox-and-playstation-games-with,+250K Steam units during HBO S2 broadcast 13 Apr-25 May 2025
The Last of Us Part II,Steam,lifetime,1200000,,,,,2026-05-04,https://alineaanalytics.substack.com/p/the-xbox-and-playstation-games-with,ported ~1 year ago; selling faster than Part I launch-aligned due to HBO S2 window
God of War Ragnarok,Steam,lifetime,1300000,,,,,2026-05-04,https://alineaanalytics.substack.com/p/the-xbox-and-playstation-games-with,approx; Steam port Sept 2024 ~2 yrs after PS; release date approx
Horizon Forbidden West,Steam,lifetime,1100000,,,,,2026-05-04,https://alineaanalytics.substack.com/p/the-xbox-and-playstation-games-with,almost $50M; arrived on Steam March 2024
Marvel's Spider-Man 2,Steam,lifetime,1100000,,,,,2026-05-04,https://alineaanalytics.substack.com/p/the-xbox-and-playstation-games-with,almost $50M; Steam 14 months after PS5 launch
Stellar Blade,Steam,lifetime,2300000,,,,,2026-05-04,https://alineaanalytics.substack.com/p/the-xbox-and-playstation-games-with,45% of Steam audience is Chinese; closing in on PS5 units
Stellar Blade,PS5,lifetime,2500000,,,,,2026-05-04,https://alineaanalytics.substack.com/p/the-xbox-and-playstation-games-with,PS5 leads revenue thanks to regional pricing
Starfield,Steam,lifetime,3800000,,,,,2026-05-04,https://alineaanalytics.substack.com/p/the-xbox-and-playstation-games-with,passing $200M from copies alone; 60% played Fallout 4 / 51% Skyrim SE
The Elder Scrolls IV: Oblivion Remastered,Steam,lifetime,2700000,,,,,2026-05-04,https://alineaanalytics.substack.com/p/the-xbox-and-playstation-games-with,almost $110M; Steam outsold combined PS5+Xbox by 2x; 75% Skyrim SE / 64% Fallout 4 / 44% Fallout New Vegas
Grounded 2,Steam,lifetime,1200000,,,,,2026-05-04,https://alineaanalytics.substack.com/p/the-xbox-and-playstation-games-with,EA on Steam day-and-date last July; Steam >2/3 of total sales (Xbox+Windows)
Forza Horizon 6,Steam,pre-launch,800000,,,,,2026-05-04,https://alineaanalytics.substack.com/p/the-xbox-and-playstation-games-with,approx; ~800K sold on Steam two weeks before launch
Forza Horizon 5,PS5,lifetime,5800000,,,,,2026-04-29,https://alineaanalytics.substack.com/p/which-xbox-games-have-sold-over-100k,launched PS5 last year ~3.5 yrs after Xbox/PC; accounts for ~half of the $667M
Forza Horizon 6,Steam,pre-launch,700000,,,,,2026-04-29,https://alineaanalytics.substack.com/p/which-xbox-games-have-sold-over-100k,pre-sold 700K on Steam; day-in-date with Xbox next month
Sea of Thieves,PS5,lifetime,2700000,,,,,2026-04-29,https://alineaanalytics.substack.com/p/which-xbox-games-have-sold-over-100k,nearly $100M; 300K MAU on PS5
The Elder Scrolls IV: Oblivion Remastered,PS5,lifetime,1200000,,,,,2026-04-29,https://alineaanalytics.substack.com/p/which-xbox-games-have-sold-over-100k,about $58M; day-one multi-platform; ~75% previously played Skyrim PS4/PS5
Grounded,PS5,lifetime,770000,,,,,2026-04-29,https://alineaanalytics.substack.com/p/which-xbox-games-have-sold-over-100k,nearly $24M; ~75K MAU; 30% also bought Sea of Thieves
Gears of War Reloaded,PS5,lifetime,684000,,,,,2026-04-29,https://alineaanalytics.substack.com/p/which-xbox-games-have-sold-over-100k,day-and-date launch last summer; periodic discounts $40 to $20
DOOM: The Dark Ages,PS5,lifetime,567000,,,,,2026-04-29,https://alineaanalytics.substack.com/p/which-xbox-games-have-sold-over-100k,day-and-date launch last year
DOOM: The Dark Ages,Steam,lifetime,1000000,,,,,2026-04-29,https://alineaanalytics.substack.com/p/which-xbox-games-have-sold-over-100k,approx; copies approaching 1M on Steam; primary audience on PC
Indiana Jones and the Great Circle,PS5,lifetime,537000,,,,,2026-04-29,https://alineaanalytics.substack.com/p/which-xbox-games-have-sold-over-100k,~1 yr after launch; released PS5 4 months after Xbox; 40% PS5 players 20+ hrs vs 35% Steam / 20% Xbox
Ninja Gaiden 4,PS5,lifetime,250000,,,,,2026-04-29,https://alineaanalytics.substack.com/p/which-xbox-games-have-sold-over-100k,approx; surpassed 250K; nearing $20M PS5 gross
Microsoft Flight Simulator 2024,PS5,lifetime,250000,,,,,2026-04-29,https://alineaanalytics.substack.com/p/which-xbox-games-have-sold-over-100k,approx; surpassed 250K; nearing $20M PS5 gross
Starfield,PS5,lifetime,200000,,,,,2026-04-29,https://alineaanalytics.substack.com/p/which-xbox-games-have-sold-over-100k,tepid PS5 launch; now passing 200K
Age of Empires II: Definitive Edition,PS5,lifetime,173000,,,,,2026-04-29,https://alineaanalytics.substack.com/p/which-xbox-games-have-sold-over-100k,niche RTS demand on PlayStation
Age of Mythology: Retold,PS5,lifetime,123000,,,,,2026-04-29,https://alineaanalytics.substack.com/p/which-xbox-games-have-sold-over-100k,niche RTS demand on PlayStation
Sid Meier's Civilization VII,PS5,lifetime,200000,,,,,2026-04-29,https://alineaanalytics.substack.com/p/which-xbox-games-have-sold-over-100k,for context; reached 200K units on PS5
Windrose,Steam,lifetime,1300000,,,2026-04-14,30,2026-04-24,https://alineaanalytics.substack.com/p/windrose-sails-past-13m,1.3M players 9-10 days in; RRP $30 / intro $27; peak 527K DAU first Sunday / floor 450K DAU; 1/3 played 20+ hrs / ~6% 50+ hrs; 60% played Valheim / 40% Sea of Thieves
Pragmata,Steam,lifetime,700000,,,,,2026-04-24,https://alineaanalytics.substack.com/p/windrose-sails-past-13m,700K+ sold on Steam as of this article
Vampire Crawlers,Steam,lifetime,400000,,,,,2026-04-24,https://alineaanalytics.substack.com/p/windrose-sails-past-13m,approx; nearing 400K despite only out a few days
Palworld,Steam,launch (day 9),12000000,,,,,2026-04-24,https://alineaanalytics.substack.com/p/windrose-sails-past-13m,approx; reference point; ~12M sold by day 9 in 2024
Forza Horizon 6,Steam,pre-launch,500000,,,,,2026-04-16,https://alineaanalytics.substack.com/p/forza-horizon-6-has-pre-sold-500k,over a month before launch; nearing $30M; best-selling Forza on Steam pre-launch
Starfield,PS5,launch (1 week),140000,,,,,2026-04-14,https://alineaanalytics.substack.com/p/starfield-has-sold-140k-copies-on,140K copies / $7.7M in one week; 2.5-yr delayed port; 81% played Fallout 4 / 66% Skyrim / 8% Japan
Starfield,Steam,lifetime,3700000,,,,,2026-04-14,https://alineaanalytics.substack.com/p/starfield-has-sold-140k-copies-on,had 3.7M on Steam before PS5 port; total Steam revenue now past $200M
Starfield,Xbox,lifetime,1000000,,,,,2026-04-14,https://alineaanalytics.substack.com/p/starfield-has-sold-140k-copies-on,over 1M despite Game Pass cannibalising sales; approx
Forza Horizon 5,PS5,lifetime,5700000,,,,,2026-04-14,https://alineaanalytics.substack.com/p/starfield-has-sold-140k-copies-on,upwards of $320M; phenomenal for a legacy port
Gears of War Reloaded,all,lifetime,1000000,,,,,2026-04-14,https://alineaanalytics.substack.com/p/starfield-has-sold-140k-copies-on,passed 1M across all platforms; PS5 accounts for over 70%
Ninja Gaiden 4,PS5,launch (6 days),100000,,,,,2026-04-14,https://alineaanalytics.substack.com/p/starfield-has-sold-140k-copies-on,approx; almost 100K six days after day-one PS5 launch
Slay the Spire 2,Steam,lifetime,6500000,,,,,2026-05-14,https://alineaanalytics.substack.com/p/steam-dlc-data-high-attach-rates,~1M players already played 100+ hours after 2 months in EA
Mewgenics,Steam,lifetime,1800000,,,,,2026-05-14,https://alineaanalytics.substack.com/p/steam-dlc-data-high-attach-rates,2026 roguelike
RACCOIN: Coin Pusher Roguelike,Steam,lifetime,550000,,,,,2026-05-14,https://alineaanalytics.substack.com/p/steam-dlc-data-high-attach-rates,2026 roguelike
Vampire Crawlers,all,lifetime,1000000,,,,,2026-05-14,https://alineaanalytics.substack.com/p/steam-dlc-data-high-attach-rates,approx; coming up on 1M sold across platforms
Saros,PS5,lifetime,350000,,,,,2026-05-14,https://alineaanalytics.substack.com/p/steam-dlc-data-high-attach-rates,approx; almost 350K on PS5
Barony,Steam,lifetime,1000000,,,2015-01-01,,2026-05-14,https://alineaanalytics.substack.com/p/steam-dlc-data-high-attach-rates,a little over 1M since 2015 launch; release date approx
CloverPit,Steam,lifetime,1700000,,,,,2026-05-14,https://alineaanalytics.substack.com/p/steam-dlc-data-high-attach-rates,over 1.7M; base game $12.7M; overall with DLC ~$13M; 308K played during DLC launch month
Monster Train 2,Steam,lifetime,525000,,,,,2026-05-14,https://alineaanalytics.substack.com/p/steam-dlc-data-high-attach-rates,launched ~1 yr ago; ~2/3 of base also bought Slay the Spire 2
Ravenswatch,Steam,lifetime,1200000,,,2024-09-01,,2026-05-14,https://alineaanalytics.substack.com/p/steam-dlc-data-high-attach-rates,since Sept 2024; release date approx
Echoes of Aincrad,Steam,pre-launch,50000,,,,70,2026-06-23,https://alineaanalytics.substack.com/p/steam-next-fests-winners-and-why,approx; sold 50K+ on Steam pre-launch; $70 price may throttle wishlist conversion
Bloodborne,PlayStation,lifetime,9300000,,,,,2025-11-28,https://alineaanalytics.substack.com/p/our-most-requested-estimates-and,Bloodborne only platform is PlayStation; 16M players overall including PS Plus
Marvel's Spider-Man 2,PS5,lifetime,16000000,,,,,2025-11-28,https://alineaanalytics.substack.com/p/our-most-requested-estimates-and,Sells 100K-200K copies/month on PS5; ~1M more expected this quarter
Marvel's Spider-Man 2,Steam,lifetime,700000,,,,,2025-11-28,https://alineaanalytics.substack.com/p/our-most-requested-estimates-and,700K+; softer than first Spider-Man; approx
Clair Obscur: Expedition 33,all,lifetime,5500000,,,,,2025-11-28,https://alineaanalytics.substack.com/p/our-most-requested-estimates-and,5.5M+ overall; ~3M Steam / 2M PS5 / ~500K Xbox; approx
Clair Obscur: Expedition 33,Steam,lifetime,3000000,,,,,2025-11-28,https://alineaanalytics.substack.com/p/our-most-requested-estimates-and,about 3M on Steam; approx
Clair Obscur: Expedition 33,PS5,lifetime,2000000,,,,,2025-11-28,https://alineaanalytics.substack.com/p/our-most-requested-estimates-and,about 2M on PS5; approx
Clair Obscur: Expedition 33,Xbox,lifetime,500000,,,,,2025-11-28,https://alineaanalytics.substack.com/p/our-most-requested-estimates-and,~500K on Xbox; Game Pass cannibalised Xbox/PC copies; approx
Clair Obscur: Expedition 33,Steam,launch (nominees week),100000,,,,,2025-11-28,https://alineaanalytics.substack.com/p/our-most-requested-estimates-and,~100K sold on Steam during TGA nominees week (11 nominations)
Clair Obscur: Expedition 33,PS5,launch (nominees week),50000,,,,,2025-11-28,https://alineaanalytics.substack.com/p/our-most-requested-estimates-and,~50K sold on PS5 during TGA nominees week
Clair Obscur: Expedition 33,Xbox,launch (nominees week),5000,,,,,2025-11-28,https://alineaanalytics.substack.com/p/our-most-requested-estimates-and,fewer than 5K on Xbox during nominees week; +40K new Game Pass players that week; approx
Cyberpunk 2077,all,estimate,35070508,,,,,2025-11-28,https://alineaanalytics.substack.com/p/our-most-requested-estimates-and,Alinea estimate; CD Projekt announced 35M; diff 0.2%
Red Dead Redemption 2,all,estimate,71302557,,,,,2025-11-28,https://alineaanalytics.substack.com/p/our-most-requested-estimates-and,Alinea estimate; Take-Two announced 79M; diff -10.2%
ARC Raiders,all,estimate,3995393,,,,,2025-11-28,https://alineaanalytics.substack.com/p/our-most-requested-estimates-and,Alinea estimate; Nexon announced 4M; diff -0.1%
Dragon's Dogma II,all,estimate,4230570,,,,,2025-11-28,https://alineaanalytics.substack.com/p/our-most-requested-estimates-and,Alinea estimate; Capcom announced 4M; diff 5.6%
Kingdom Come: Deliverance 2,all,estimate,3798973,,,,,2025-11-28,https://alineaanalytics.substack.com/p/our-most-requested-estimates-and,Alinea estimate; Warhorse announced 4M; diff -5.2%
ARC Raiders,Steam,lifetime,4000000,,,,,2025-11-24,https://alineaanalytics.substack.com/p/arc-raiders-dominated-steam-again,total on Steam; approx
ARC Raiders,all,lifetime,7000000,,,,,2025-11-24,https://alineaanalytics.substack.com/p/arc-raiders-dominated-steam-again,approaching 7M across all platforms; approx
PEAK,Steam,lifetime,15000000,,,,,2025-11-24,https://alineaanalytics.substack.com/p/arc-raiders-dominated-steam-again,on the cusp of 15M; 14M existing owners; approx
RV There Yet?,Steam,lifetime,4000000,,,,,2025-11-24,https://alineaanalytics.substack.com/p/arc-raiders-dominated-steam-again,nearing 4M; approx
Risk of Rain 2,Steam,lifetime,10000000,,,,,2025-11-24,https://alineaanalytics.substack.com/p/arc-raiders-dominated-steam-again,nearing 10M on Steam; base game 66%-off promo; approx
Dispatch,Steam,two weeks,520000,,,,,2025-11-24,https://alineaanalytics.substack.com/p/arc-raiders-dominated-steam-again,520K in past two weeks
PlayStation Studios (all games on Steam),Steam,lifetime,43000000,,,,,2025-11-21,https://alineaanalytics.substack.com/p/the-top-selling-playstation-games,aggregate PS Studios titles on Steam; Sony took ~$1.2B; Valve took $350M+; approx
Helldivers 2,Steam,lifetime,12700000,,,,,2025-11-21,https://alineaanalytics.substack.com/p/the-top-selling-playstation-games,$400M gross; 200K daily players on Steam; sold 2x+ vs PS5
Helldivers 2,all,lifetime,20000000,,,,,2025-11-21,https://alineaanalytics.substack.com/p/the-top-selling-playstation-games,about to cross 20M all platforms; approx
Horizon Zero Dawn,Steam,lifetime,4500000,,,2020-08-01,,2025-11-21,https://alineaanalytics.substack.com/p/the-top-selling-playstation-games,release date approx (Aug 2020); Sony first major exclusive on Steam
God of War,Steam,lifetime,4200000,,,,,2025-11-21,https://alineaanalytics.substack.com/p/the-top-selling-playstation-games,almost $150M approx; 2.5M sold after 427 days on Steam; GOTY 2018
Days Gone,Steam,lifetime,3400000,,,2021-05-01,,2025-11-21,https://alineaanalytics.substack.com/p/the-top-selling-playstation-games,release date approx (May 2021)
Marvel's Spider-Man Remastered,Steam,lifetime,2700000,,,,,2025-11-21,https://alineaanalytics.substack.com/p/the-top-selling-playstation-games,premium PC features drove day-one sales
Marvel's Spider-Man,Steam,lifetime,1400000,,,,,2025-11-21,https://alineaanalytics.substack.com/p/the-top-selling-playstation-games,1.4M after 294 days on Steam; ~12% crossover with Spider-Man 2
Ghost of Tsushima,Steam,lifetime,2000000,,,,,2025-11-21,https://alineaanalytics.substack.com/p/the-top-selling-playstation-games,PC version over 2M; approx
Bloodborne,PlayStation,lifetime,9000000,,,,,2025-11-21,https://alineaanalytics.substack.com/p/the-top-selling-playstation-games,over 9M on PlayStation; +400K in six months after Elden Ring; approx
Hollow Knight: Silksong,all,lifetime,5500000,,,2025-09-04,,2025-11-18,https://alineaanalytics.substack.com/p/the-game-awards-nominees-by-copies,1M via console; approaching $100M revenue; 2M accessed via Game Pass; approx
Clair Obscur: Expedition 33,all,lifetime,5300000,,,2025-04-24,,2025-11-18,https://alineaanalytics.substack.com/p/the-game-awards-nominees-by-copies,~3M Steam / 1.8M PS5 / 500K+ Xbox; 3M accessed via Game Pass
Clair Obscur: Expedition 33,Steam,lifetime,3000000,,,,,2025-11-18,https://alineaanalytics.substack.com/p/the-game-awards-nominees-by-copies,around 3M on Steam; approx
Clair Obscur: Expedition 33,PS5,lifetime,1800000,,,,,2025-11-18,https://alineaanalytics.substack.com/p/the-game-awards-nominees-by-copies,about 1.8M on PS5; approx
Clair Obscur: Expedition 33,Xbox,lifetime,500000,,,,,2025-11-18,https://alineaanalytics.substack.com/p/the-game-awards-nominees-by-copies,500K+ on Xbox; approx
Kingdom Come: Deliverance 2,all,lifetime,4000000,,,2025-02-04,,2025-11-18,https://alineaanalytics.substack.com/p/the-game-awards-nominees-by-copies,nearing 4M across Steam/PS/Xbox; almost 2/3 from Steam; Warhorse announced 4M incl Epic and Windows; approx
Hades II,Steam,lifetime,3000000,,,2025-09-25,,2025-11-18,https://alineaanalytics.substack.com/p/the-game-awards-nominees-by-copies,almost 3M since early access; 1.0 launched Sep 25 2025; early access May 2024; 100K daily players on Steam; approx
Donkey Kong Bananza,Switch 2,lifetime,3490000,,,,,2025-11-18,https://alineaanalytics.substack.com/p/the-game-awards-nominees-by-copies,Nintendo official; as of Sep 30 2025; attach rate 34% of 10.36M Switch 2 units sold
Donkey Kong Country,all,lifetime,9300000,,,,,2025-11-18,https://alineaanalytics.substack.com/p/the-game-awards-nominees-by-copies,historical reference; current best-selling Donkey Kong game
Ghost of Tsushima,Steam,lifetime,2000000,,,,,2025-11-13,https://alineaanalytics.substack.com/p/valves-bold-expected-return-to-the,PC version over 2M copies; approx
ARC Raiders,Steam,lifetime,2400000,,,,,2025-11-11,https://alineaanalytics.substack.com/p/last-weeks-top-steam-games-by-copies,$80M gross on Steam via copies incl regional pricing; approx
ARC Raiders,all,estimate,3700000,,,,,2025-11-11,https://alineaanalytics.substack.com/p/last-weeks-top-steam-games-by-copies,Alinea estimate across Steam/PS5/Xbox; Embark announced 4M+; up from 2.5M; also on Epic; margin -7.5%
RV There Yet?,Steam,lifetime,3300000,,,,,2025-11-11,https://alineaanalytics.substack.com/p/last-weeks-top-steam-games-by-copies,total 3.3M; approx
PEAK,Steam,lifetime,14000000,,,,,2025-11-11,https://alineaanalytics.substack.com/p/last-weeks-top-steam-games-by-copies,just shy of 14M; approx
Escape From Duckov,Steam,lifetime,3300000,,,,,2025-11-11,https://alineaanalytics.substack.com/p/last-weeks-top-steam-games-by-copies,over 3.3M; $43M+; 65% (2M copies) sold in China; approx
Dispatch,all,lifetime,1500000,,,2025-10-22,,2025-11-11,https://alineaanalytics.substack.com/p/last-weeks-top-steam-games-by-copies,nearly 1.5M across platforms; over $30M; first episodes Oct 22; release date approx
ARC Raiders,all,launch (1 week),2500000,,,2025-10-30,40,2025-11-06,https://alineaanalytics.substack.com/p/arc-raiders-has-sold-25m-copies,first week; Steam 1.7M 69.2% / PlayStation 400K+ 17.3% / Xbox 300K+ 13.5%
ARC Raiders,Steam,launch (1 week),1700000,,,,,2025-11-06,https://alineaanalytics.substack.com/p/arc-raiders-has-sold-25m-copies,~1.7M; 69.2% of players; approx
ARC Raiders,PlayStation,launch (1 week),400000,,,,,2025-11-06,https://alineaanalytics.substack.com/p/arc-raiders-has-sold-25m-copies,400K+; 17.3% of players; approx
ARC Raiders,Xbox,launch (1 week),300000,,,,,2025-11-06,https://alineaanalytics.substack.com/p/arc-raiders-has-sold-25m-copies,300K+; 13.5% of players; approx
Helldivers 2,all,lifetime,20000000,,,,,2025-11-06,https://alineaanalytics.substack.com/p/arc-raiders-has-sold-25m-copies,very near 20M; Steam 12.7M 65% / PS5 5.4M / Xbox 1.4M; approx
Helldivers 2,Steam,lifetime,12700000,,,,,2025-11-06,https://alineaanalytics.substack.com/p/arc-raiders-has-sold-25m-copies,65% of audience
Helldivers 2,PS5,lifetime,5400000,,,,,2025-11-06,https://alineaanalytics.substack.com/p/arc-raiders-has-sold-25m-copies,approx
Helldivers 2,Xbox,lifetime,1400000,,,,,2025-11-06,https://alineaanalytics.substack.com/p/arc-raiders-has-sold-25m-copies,approx
EA Sports FC 26,PlayStation,lifetime,8000000,,,,,2025-11-04,https://alineaanalytics.substack.com/p/octobers-top-playstation-games-by,over 8M; 88% on PS5; full-game sales ~$500M on PlayStation; excludes Ultimate Team; approx
EA Sports FC 26,all,lifetime,12000000,,,,,2025-11-04,https://alineaanalytics.substack.com/p/octobers-top-playstation-games-by,12M+ across all platforms; in line with predecessor; approx
EA SPORTS™ Madden NFL 26,all,lifetime,3500000,,,,,2025-11-04,https://alineaanalytics.substack.com/p/octobers-top-playstation-games-by,almost 3.5M since August launch; approx
EA SPORTS™ Madden NFL 26,PlayStation,lifetime,1600000,,,,,2025-11-04,https://alineaanalytics.substack.com/p/octobers-top-playstation-games-by,1.6M on PlayStation; approx
Little Nightmares III,all,lifetime,1000000,,,,,2025-11-04,https://alineaanalytics.substack.com/p/octobers-top-playstation-games-by,nearing 1M across all platforms; approx
Digimon Story: Time Stranger,all,lifetime,1000000,,,,,2025-11-04,https://alineaanalytics.substack.com/p/octobers-top-playstation-games-by,nearing 1M all platforms; Steam accounts for 60%+; approx
R.E.P.O.,Steam,lifetime,18000000,,,,,2025-10-28,https://alineaanalytics.substack.com/p/sweden-is-killing-it-in-the-indie,18M+ sold and $140M+ gross; approx; Swedish indie
PEAK,Steam,lifetime,13000000,,,,,2025-10-28,https://alineaanalytics.substack.com/p/sweden-is-killing-it-in-the-indie,13M+ and $77M+; approx
Content Warning,Steam,lifetime,5000000,,,,,2025-10-28,https://alineaanalytics.substack.com/p/sweden-is-killing-it-in-the-indie,5M and $30M; approx
Valheim,Steam,lifetime,20000000,,,2021-01-01,,2025-10-28,https://alineaanalytics.substack.com/p/sweden-is-killing-it-in-the-indie,20M+ and $300M; 100K+ DAUs; 200K+ copies this month; released 2021; release date approx
Deep Rock Galactic,Steam,lifetime,11000000,,,2020-05-01,,2025-10-28,https://alineaanalytics.substack.com/p/sweden-is-killing-it-in-the-indie,11M+ copies; almost $200M; launched May 2020; release date approx
Deep Rock Galactic,Steam,lifetime,2400000,,,,,2025-10-28,https://alineaanalytics.substack.com/p/sweden-is-killing-it-in-the-indie,2.4M copies after 1yr early access
Satisfactory,Steam,lifetime,8000000,,,2024-09-01,,2025-10-28,https://alineaanalytics.substack.com/p/sweden-is-killing-it-in-the-indie,$185M+ from 8M copies; released Sep 2024; release date approx
Teardown,Steam,lifetime,2400000,,,,,2025-10-28,https://alineaanalytics.substack.com/p/sweden-is-killing-it-in-the-indie,2.4M copies; early access 2020 / 1.0 2022
Goat Simulator 3,all,lifetime,2000000,,,2024-02-01,,2025-10-28,https://alineaanalytics.substack.com/p/sweden-is-killing-it-in-the-indie,nearing 2M across all platforms; approx; released Feb 2024; release date approx
As We Descend,Steam,lifetime,100000,,,2025-03-01,,2025-10-28,https://alineaanalytics.substack.com/p/sweden-is-killing-it-in-the-indie,under 100K copies; approx; early access March 2025; CCU under 50; release date approx
Assassin's Creed Shadows,PS5,lifetime,2400000,,,,,2025-10-23,https://alineaanalytics.substack.com/p/ghost-of-yotei-outsold-assassins,2.4M on PS5 after 7 months; 1.6% of PS5 audience in Japan
Assassin's Creed Shadows,all,lifetime,4300000,,,,,2025-10-23,https://alineaanalytics.substack.com/p/ghost-of-yotei-outsold-assassins,just over 4.3M; 56% PS5 / 26% Xbox / 18% Steam; approx
Ghost of Yotei,PS5,launch (3 weeks),2500000,,,,,2025-10-23,https://alineaanalytics.substack.com/p/ghost-of-yotei-outsold-assassins,2.5M on PS5 in under 3 weeks; outsold Shadows PS5; ~half players also played Elden Ring; Japan share over 3x Shadows
Ghost of Tsushima,Steam,lifetime,2000000,,,,,2025-10-23,https://alineaanalytics.substack.com/p/ghost-of-yotei-outsold-assassins,passed 2M on Steam; $90M+
Helldivers 2,all,lifetime,20000000,,,,,2025-10-23,https://alineaanalytics.substack.com/p/ghost-of-yotei-outsold-assassins,close to 20M; 12.6M Steam / 5.4M PS5 / 1.4M Xbox; approx
Helldivers 2,Steam,lifetime,12600000,,,,,2025-10-23,https://alineaanalytics.substack.com/p/ghost-of-yotei-outsold-assassins,part of ~20M total
Helldivers 2,PS5,lifetime,5400000,,,,,2025-10-23,https://alineaanalytics.substack.com/p/ghost-of-yotei-outsold-assassins,part of ~20M total
Helldivers 2,Xbox,lifetime,1400000,,,,,2025-10-23,https://alineaanalytics.substack.com/p/ghost-of-yotei-outsold-assassins,part of ~20M total
Helldivers 2,PS5,launch (1 week),700000,,,,,2025-10-23,https://alineaanalytics.substack.com/p/ghost-of-yotei-outsold-assassins,a little over 700K first week; historical
Helldivers 2,Xbox,launch (1 week),1000000,,,,,2025-10-23,https://alineaanalytics.substack.com/p/ghost-of-yotei-outsold-assassins,nearly 1M first week; historical; approx
Helldivers 2,Xbox,~57 days,1400000,,,,,2025-10-23,https://alineaanalytics.substack.com/p/ghost-of-yotei-outsold-assassins,~1.4M around 57 days post-launch; historical
Helldivers 2,PS5,~57 days,3500000,,,,,2025-10-23,https://alineaanalytics.substack.com/p/ghost-of-yotei-outsold-assassins,surpassed 3.5M in same timeframe; historical
Little Nightmares,all,lifetime,20000000,,,,,2025-10-21,https://alineaanalytics.substack.com/p/the-steam-next-fest-games-that-gained,franchise 20M+ total sales; approx
Battlefield 6,all (Steam+Xbox+PS5),launch (3 days),6606257,,,,,2025-10-16,https://alineaanalytics.substack.com/p/deadlock-is-steams-most-wishlisted,Alinea estimate; EA announced 7M+ incl EA App; -6.0%
Battlefield 6,all,launch (3 days),7000000,,,,,2025-10-16,https://alineaanalytics.substack.com/p/deadlock-is-steams-most-wishlisted,EA announced; incl EA App
Battlefield 6,Steam,launch (1 week),4000000,,,,,2025-10-16,https://alineaanalytics.substack.com/p/deadlock-is-steams-most-wishlisted,sold 4M in under a week; approx
Clair Obscur: Expedition 33,all,estimate,4856948,,,,,2025-10-16,https://alineaanalytics.substack.com/p/deadlock-is-steams-most-wishlisted,Alinea estimate; Sandfall announced 5M; -2.9%
CloverPit,Steam,estimate,736723,,,,,2025-10-16,https://alineaanalytics.substack.com/p/deadlock-is-steams-most-wishlisted,Alinea estimate; Panik announced 750K; -1.8%
Megabonk,Steam,estimate,909746,,,,,2025-10-16,https://alineaanalytics.substack.com/p/deadlock-is-steams-most-wishlisted,Alinea estimate; vedinad announced 1M; -9.0%
Megabonk,Steam,estimate,2000000,,,,,2025-10-16,https://alineaanalytics.substack.com/p/deadlock-is-steams-most-wishlisted,nearing 2M sold on Steam; approx
Battlefield 6,all,launch (first days),6500000,,,,,2025-10-14,https://alineaanalytics.substack.com/p/battlefield-6-is-a-smash-hit-launch,6.5M+ through first few days PC+console; $350M+; approx
Battlefield 6,Steam,launch (first days),3500000,,,,,2025-10-14,https://alineaanalytics.substack.com/p/battlefield-6-is-a-smash-hit-launch,56.7% of copies; over $220M; approx
Battlefield 6,PS5,launch (first days),1500000,14,,,,2025-10-14,https://alineaanalytics.substack.com/p/battlefield-6-is-a-smash-hit-launch,23.7%; 86% digital / 14% physical on PS5; approx
Battlefield 6,Xbox,launch (first days),1200000,,,,,2025-10-14,https://alineaanalytics.substack.com/p/battlefield-6-is-a-smash-hit-launch,19.6% Xbox Series; approx
Battlefield 6,Steam,pre-orders,1800000,,,,,2025-10-14,https://alineaanalytics.substack.com/p/battlefield-6-is-a-smash-hit-launch,Steam pre-orders passed 1.8M
Ghost of Yotei,PS5,launch (1 week),1600000,23,,,,2025-10-09,https://alineaanalytics.substack.com/p/ghost-of-yotei-is-a-success-as-battlefield,1.6M+ sell-through; 2M+ incl sell-in; nearly $100M; 77% digital / 23% physical; dev cost ~$60M
Ghost of Tsushima,PlayStation,launch (3 days),2400000,,,,,2025-10-09,https://alineaanalytics.substack.com/p/ghost-of-yotei-is-a-success-as-battlefield,2.4M in 3 days on PS4
Ghost of Tsushima,Steam,lifetime,2000000,,,,,2025-10-09,https://alineaanalytics.substack.com/p/ghost-of-yotei-is-a-success-as-battlefield,2M copies; almost $90M
Elden Ring Nightreign,all,lifetime,5500000,,,,,2025-10-09,https://alineaanalytics.substack.com/p/ghost-of-yotei-is-a-success-as-battlefield,5.5M+; approx
Stellar Blade,all,lifetime,4000000,,,,,2025-10-09,https://alineaanalytics.substack.com/p/ghost-of-yotei-is-a-success-as-battlefield,passed 4M after PC port; approx
Battlefield 6,Steam,pre-launch,1800000,,,,,2025-10-09,https://alineaanalytics.substack.com/p/ghost-of-yotei-is-a-success-as-battlefield,over 1.8M on Steam before Oct 10 launch; over $100M
EA SPORTS FC™ 26,all,lifetime,10000000,,,,,2025-10-07,https://alineaanalytics.substack.com/p/septembers-top-playstation-games,over 10M all platforms; PlayStation ~60%; approx
NBA 2K26,all,lifetime,6000000,,,,,2025-10-07,https://alineaanalytics.substack.com/p/septembers-top-playstation-games,over 6M since debut; approx
Dying Light: The Beast,all,lifetime,2000000,,,,,2025-10-07,https://alineaanalytics.substack.com/p/septembers-top-playstation-games,over 2M all platforms
PEAK,all,lifetime,12000000,,,2025-06-01,,2025-10-03,https://alineaanalytics.substack.com/p/skate-leads-augusts-top-games-by,crossed 12M copies; $70M since June 2025; release date approx
Stellar Blade,all,lifetime,3000000,,,,60,2025-09-25,https://alineaanalytics.substack.com/p/aaa-game-makers-cant-afford-to-ignore,official announced milestone; China helped surpass 3M; China price Y268/~$37; US price $60
Palworld,all,lifetime,25000000,,,,,2025-09-23,https://alineaanalytics.substack.com/p/dying-light-the-beast-hades-and-so,25M+ copies sold; new farming sim Palworld Palfarm announced
Dying Light: The Beast,Steam,lifetime,1000000,,,2025-09-18,,2025-09-23,https://alineaanalytics.substack.com/p/dying-light-the-beast-hades-and-so,over 1M on Steam; 82% played Dying Light; 77% played Dying Light 2
Dying Light: The Beast,all,lifetime,1500000,,,2025-09-18,,2025-09-23,https://alineaanalytics.substack.com/p/dying-light-the-beast-hades-and-so,over 1.5M across all platforms
PEAK,Steam,lifetime,12000000,,,,,2025-09-23,https://alineaanalytics.substack.com/p/dying-light-the-beast-hades-and-so,passed 12M copies; Steam revenues over $70M
Shape of Dreams,Steam,lifetime,400000,,,,,2025-09-23,https://alineaanalytics.substack.com/p/dying-light-the-beast-hades-and-so,almost 400K copies sold; approx
Hades,Steam,lifetime,9000000,,,,,2025-09-23,https://alineaanalytics.substack.com/p/dying-light-the-beast-hades-and-so,crossed 9M sold on Steam
Hades II,Steam,lifetime (early access),2000000,,,2024-05-01,,2025-09-23,https://alineaanalytics.substack.com/p/dying-light-the-beast-hades-and-so,over 2M since EA launch May 2024; ~1.5M in first two months; 104K CCU record; release date approx
Borderlands 4,all,launch,2500000,,,2025-09-12,,2025-09-18,https://alineaanalytics.substack.com/p/borderlands-4-deep-dive-25m-players,2.5M+ players all platforms; revenues $150M+; ~60-65% to break even; budget ~$200M
Borderlands 4,Steam,launch,1300000,,64,2025-09-12,,2025-09-18,https://alineaanalytics.substack.com/p/borderlands-4-deep-dive-25m-players,over 1.3M copies on Steam; over $80M Steam revenue; 64% positive Steam
Borderlands 4,console,launch,1000000,,,2025-09-12,,2025-09-18,https://alineaanalytics.substack.com/p/borderlands-4-deep-dive-25m-players,over 1M on console; PlayStation slightly ahead of Xbox; Switch 2 version next month
Borderlands 4,Steam,lifetime,1000000,,64,,,2025-09-16,https://alineaanalytics.substack.com/p/borderlands-4-was-steams-best-selling,over 1M on Steam; 64% positive Steam
Borderlands 4,all,lifetime,2000000,,,,,2025-09-16,https://alineaanalytics.substack.com/p/borderlands-4-was-steams-best-selling,2M across all platforms; ~$150M revenues; franchise crest 96M
Hollow Knight: Silksong,all,lifetime,6000000,,,,,2025-09-16,https://alineaanalytics.substack.com/p/borderlands-4-was-steams-best-selling,passed 6M overall
PEAK,Steam,lifetime,12000000,,,,,2025-09-16,https://alineaanalytics.substack.com/p/borderlands-4-was-steams-best-selling,around 12M copies sold; approx
Hollow Knight,all,lifetime,15000000,,,,,2025-09-16,https://alineaanalytics.substack.com/p/borderlands-4-was-steams-best-selling,over 15M copies to date
Shape of Dreams,all,launch (1 week),200000,,,,20,2025-09-16,https://alineaanalytics.substack.com/p/borderlands-4-was-steams-best-selling,200K worldwide; 100K first 24h official; ~50% China; 30K+ peak CCU; 20% launch discount
Dying Light: The Beast,Steam,preorders,100000,,,2025-09-18,,2025-09-16,https://alineaanalytics.substack.com/p/borderlands-4-was-steams-best-selling,~100K preorders on Steam; 1M+ players have access via DL2 Ultimate Edition
Dying Light 2 Stay Human: Reloaded Edition,all,launch (1 month),5000000,,,,,2025-09-16,https://alineaanalytics.substack.com/p/borderlands-4-was-steams-best-selling,sold 5M in first month
Hollow Knight: Silksong,all,launch (3 days),5000000,,,2025-09-04,,2025-09-09,https://alineaanalytics.substack.com/p/silksong-passed-5m-players-in-three,5M+ players in 3 days; 1M+ via Game Pass console; PS split 30% NA/14% East Asia/14% W Europe
Hollow Knight: Silksong,Steam,launch (3 days),3000000,,,2025-09-04,,2025-09-09,https://alineaanalytics.substack.com/p/silksong-passed-5m-players-in-three,over 3M copies on Steam in 3 days; $50M revenue; 5.2M wishlists at launch; 78% own Hollow Knight on Steam
PEAK,Steam,lifetime,11000000,,,,,2025-09-02,https://alineaanalytics.substack.com/p/augusts-most-downloaded-games-across,over 11M copies sold on Steam
Grounded 2,Steam,lifetime,800000,,,,,2025-09-02,https://alineaanalytics.substack.com/p/augusts-most-downloaded-games-across,around 800K copies; revenues almost $20M; approx
Mage Arena,all,lifetime,2400000,,,,3,2025-09-02,https://alineaanalytics.substack.com/p/augusts-most-downloaded-games-across,2.4M copies sold overall; early access; solo dev
Gears of War: Reloaded,PS5,lifetime,259000,,,,40,2025-09-02,https://alineaanalytics.substack.com/p/augusts-most-downloaded-games-across,sold 259K on PlayStation
Helldivers 2,Xbox,launch (6 days),926000,,,,,2025-09-02,https://alineaanalytics.substack.com/p/augusts-most-downloaded-games-across,926K on Xbox 6 days after launch; launched on Xbox same day as Gears Reloaded
Helldivers 2,PS5,launch (6 days),633000,,,,,2025-09-02,https://alineaanalytics.substack.com/p/augusts-most-downloaded-games-across,PlayStation version sold 633K 6 days after launch in 2024
Mafia: The Old Country,all,lifetime,1200000,,,2025-08-08,50,2025-09-02,https://alineaanalytics.substack.com/p/augusts-most-downloaded-games-across,1.2M copies; PS 643K/Steam 337K/Xbox 117K
Mafia: The Old Country,PlayStation,lifetime,643000,,,2025-08-08,50,2025-09-02,https://alineaanalytics.substack.com/p/augusts-most-downloaded-games-across,to date
Mafia: The Old Country,Steam,lifetime,337000,,,2025-08-08,50,2025-09-02,https://alineaanalytics.substack.com/p/augusts-most-downloaded-games-across,to date
Mafia: The Old Country,Xbox,lifetime,117000,,,2025-08-08,50,2025-09-02,https://alineaanalytics.substack.com/p/augusts-most-downloaded-games-across,to date
METAL GEAR SOLID Δ: SNAKE EATER,all,lifetime,500000,,,2025-08-26,70,2025-09-02,https://alineaanalytics.substack.com/p/augusts-most-downloaded-games-across,500K cross-platform (Steam+Xbox+PlayStation)
Forza Horizon 5,PS5,launch (1 week),1500000,,,,,2025-09-02,https://alineaanalytics.substack.com/p/augusts-most-downloaded-games-across,over 1.5M on PS5 less than a week after launch; ~6x Gears at same point
Hollow Knight,all,lifetime,15000000,,,,,2025-08-26,https://alineaanalytics.substack.com/p/the-steam-games-that-blew-up-after,over 15M copies
Hollow Knight,Steam,lifetime,9300000,,,,,2025-08-26,https://alineaanalytics.substack.com/p/the-steam-games-that-blew-up-after,9.3M on Steam; ~250K players Sunday; 38K+ concurrent
Dawn of War Definitive Edition,Steam,lifetime,232000,,,2025-08-18,,2025-08-26,https://alineaanalytics.substack.com/p/the-steam-games-that-blew-up-after,sold 232K on Steam
PEAK,Steam,lifetime,10000000,,,,,2025-08-26,https://alineaanalytics.substack.com/p/the-steam-games-that-blew-up-after,crossed 10M sold
Mage Arena,all,lifetime,2300000,,,,3,2025-08-26,https://alineaanalytics.substack.com/p/the-steam-games-that-blew-up-after,2.3M sold; early access
R.E.P.O.,Steam,lifetime,16900000,,,,,2025-08-26,https://alineaanalytics.substack.com/p/the-steam-games-that-blew-up-after,16.9M since Feb 2025 launch; revenues over $130M
PEAK,Steam,lifetime,9700000,,,,4.95,2025-08-18,https://alineaanalytics.substack.com/p/peak-sold-18-million-copies-last,total copies and revenue; expected to pass 10M soon; approx
R.E.P.O,Steam,lifetime,16800000,,,,,2025-08-18,https://alineaanalytics.substack.com/p/peak-sold-18-million-copies-last,first 2025 budget indie past 10M; 16.8M sold; approx
Mage Arena,Steam,lifetime,2000000,,,2025-07-24,3,2025-08-18,https://alineaanalytics.substack.com/p/peak-sold-18-million-copies-last,total since early access launch; approx
Battlefield 6,Steam,launch (pre-order after 2nd beta),715000,,,2025-10-10,,2025-08-18,https://alineaanalytics.substack.com/p/peak-sold-18-million-copies-last,total Steam preorders after second beta; releases Oct 10
Hollow Knight,Steam,lifetime,9000000,,,,,2025-08-14,https://alineaanalytics.substack.com/p/silksong-has-48-million-steam-wishlists,over 9M sold on Steam; over $95M revenue; approx
Battlefield 6,Steam,launch (pre-order),657000,,,2025-10-10,,2025-08-14,https://alineaanalytics.substack.com/p/silksong-has-48-million-steam-wishlists,657K Steam preorders; presale revenue $38M as of Aug 14
Helldivers 2,Steam,lifetime,12000000,,,,,2025-08-14,https://alineaanalytics.substack.com/p/silksong-has-48-million-steam-wishlists,over 12M sold on Steam; Xbox release upcoming; approx
Helldivers 2,PS5,lifetime,5200000,,,,,2025-08-14,https://alineaanalytics.substack.com/p/silksong-has-48-million-steam-wishlists,5.2M sold on PS5
Dying Light,all,lifetime,20000000,,,,,2025-08-14,https://alineaanalytics.substack.com/p/silksong-has-48-million-steam-wishlists,around 20M copies sold; approx
Borderlands 3,all,lifetime,22000000,,,,,2025-08-14,https://alineaanalytics.substack.com/p/silksong-has-48-million-steam-wishlists,over 22M copies total; approx
Borderlands 3,Steam,lifetime,9000000,,,,,2025-08-14,https://alineaanalytics.substack.com/p/silksong-has-48-million-steam-wishlists,9M sold on Steam
Battlefield 6,Steam,launch (pre-order),605000,,,2025-10-10,,2025-08-12,https://alineaanalytics.substack.com/p/battlefield-6-has-already-sold-over,605K Steam preorders; ~$35M; last week #2 by revenue / #3 by copies; 60%+ beta wishlisters played CoD; approx
Mage Arena,Steam,lifetime,1800000,,,2025-07-24,,2025-08-12,https://alineaanalytics.substack.com/p/battlefield-6-has-already-sold-over,total copies sold; early access
PEAK,Steam,lifetime,8000000,,,,,2025-08-12,https://alineaanalytics.substack.com/p/battlefield-6-has-already-sold-over,past 8M copies sold; approx
Titan Quest 2,Steam,lifetime,465000,,,2025-08-01,,2025-08-12,https://alineaanalytics.substack.com/p/battlefield-6-has-already-sold-over,465K sold; almost $10M revenue; China 27% of players; approx
Castle Crashers - Painter Boss Paradise DLC,Steam,lifetime,200000,,,,,2025-08-12,https://alineaanalytics.substack.com/p/battlefield-6-has-already-sold-over,crossed 200K; ~$600K revenue; under $3; approx
PEAK,Steam,lifetime,7700000,,,,,2025-08-07,https://alineaanalytics.substack.com/p/julys-most-downloaded-steam-xbox,~7.7M players bought; over $46M revenue; ~$500K/day; approx
Clair Obscur: Expedition 33,all,launch (33 days),3300000,,,,,2025-08-07,https://alineaanalytics.substack.com/p/julys-most-downloaded-steam-xbox,3.3M copies in 33 days; on Xbox Game Pass; publisher-reported milestone
Grounded 2,Steam,lifetime,600000,,,2025-07-29,,2025-08-07,https://alineaanalytics.substack.com/p/julys-most-downloaded-steam-xbox,almost 600K sold on Steam; $13.2M; approx
College Football 26,PS5,lifetime,1400000,,,2025-07-11,,2025-08-05,https://alineaanalytics.substack.com/p/ea-and-xbox-dominate-our-july-playstation,1.4M sold on PS5 to date; US 97% / Canada 1.2% / UK 0.5%; ~3x slower than CF25
Minecraft,all,lifetime,300000000,,,,,2025-08-05,https://alineaanalytics.substack.com/p/ea-and-xbox-dominate-our-july-playstation,over 300M sold across all platforms; approx
Forza Horizon 5,PS5,lifetime,3600000,,,,,2025-08-05,https://alineaanalytics.substack.com/p/ea-and-xbox-dominate-our-july-playstation,3.6M sold on PS5; $164.2M; Microsoft $114.9M / Sony $49.3M
DEATH STRANDING 2: ON THE BEACH,PS5,lifetime,1100000,35,,,,2025-08-05,https://alineaanalytics.substack.com/p/ea-and-xbox-dominate-our-july-playstation,total 1.1M on PS5; over $60M; 65% digital; ~3x faster than Alan Wake 2; approx
Grand Theft Auto V,all,lifetime,215000000,,,,,2025-08-05,https://alineaanalytics.substack.com/p/ea-and-xbox-dominate-our-july-playstation,215M copies sold and counting; approx
Rematch,PS5,lifetime,1000000,,,,,2025-08-05,https://alineaanalytics.substack.com/p/ea-and-xbox-dominate-our-july-playstation,nearing a million sold on PS5; approx
Rematch,Steam,lifetime,1600000,,,,,2025-08-05,https://alineaanalytics.substack.com/p/ea-and-xbox-dominate-our-july-playstation,1.6M sold on Steam
WUCHANG: Fallen Feathers,PS5,lifetime,326000,,,,,2025-08-05,https://alineaanalytics.substack.com/p/ea-and-xbox-dominate-our-july-playstation,to date on PS5
WUCHANG: Fallen Feathers,Steam,lifetime,660000,,,,,2025-08-05,https://alineaanalytics.substack.com/p/ea-and-xbox-dominate-our-july-playstation,to date on Steam
EA SPORTS™ Madden NFL 25,PlayStation,lifetime,1200000,,,,,2025-08-05,https://alineaanalytics.substack.com/p/ea-and-xbox-dominate-our-july-playstation,1.2M on PlayStation to this point; PS4 and PS5; comparison figure
Clair Obscur: Expedition 33,Steam,lifetime,2400000,,,2025-04,,2025-08-05,https://alineaanalytics.substack.com/p/ea-and-xbox-dominate-our-july-playstation,2.4M on Steam; launched April 2025; release date approx
Clair Obscur: Expedition 33,PS5,lifetime,1500000,,,2025-04,,2025-08-05,https://alineaanalytics.substack.com/p/ea-and-xbox-dominate-our-july-playstation,1.5M on PS5; release date approx
R.E.P.O,Steam,lifetime,16400000,,,2025-02,,2025-07-31,https://alineaanalytics.substack.com/p/games-with-co-op-generated-over-4,#1 game this year; launched Feb 2025; release date approx; ~50% players also played Lethal Company/Phasmophobia
Schedule I,Steam,lifetime,9000000,,,,,2025-07-31,https://alineaanalytics.substack.com/p/games-with-co-op-generated-over-4,over 9M sold; drug-dealing sim; approx
PEAK,Steam,lifetime,7000000,,,2025-06,7.99,2025-07-31,https://alineaanalytics.substack.com/p/games-with-co-op-generated-over-4,crossed 7M sold; launched June 2025; release date approx
Monster Hunter Wilds,Steam,lifetime,6300000,,,,,2025-07-31,https://alineaanalytics.substack.com/p/games-with-co-op-generated-over-4,top-grossing new Steam game; over $380M; approx
Monster Hunter Wilds,PS5,lifetime,3100000,,,,,2025-07-31,https://alineaanalytics.substack.com/p/games-with-co-op-generated-over-4,3.1M on PS5; #1 non-port new PS5 game this year
Monster Hunter Wilds,Xbox,lifetime,700000,,,,,2025-07-31,https://alineaanalytics.substack.com/p/games-with-co-op-generated-over-4,about 700K on Xbox; approx
Split Fiction,Steam,lifetime,2600000,,,,,2025-07-31,https://alineaanalytics.substack.com/p/games-with-co-op-generated-over-4,over $100M Steam revenue; friend pass included; approx
Split Fiction,PS5,lifetime,2500000,,,,,2025-07-31,https://alineaanalytics.substack.com/p/games-with-co-op-generated-over-4,2.5M on PS5
Split Fiction,Xbox,lifetime,1000000,,,,,2025-07-31,https://alineaanalytics.substack.com/p/games-with-co-op-generated-over-4,1M on Xbox
Elden Ring Nightreign,Steam,lifetime,2800000,,,,,2025-07-31,https://alineaanalytics.substack.com/p/games-with-co-op-generated-over-4,over $150M total across platforms; 78% Steam players played original Elden Ring
Elden Ring Nightreign,PlayStation,lifetime,1500000,,,,,2025-07-31,https://alineaanalytics.substack.com/p/games-with-co-op-generated-over-4,1.5M on PlayStation; 84% of PS players played original
Elden Ring Nightreign,Xbox,lifetime,800000,,,,,2025-07-31,https://alineaanalytics.substack.com/p/games-with-co-op-generated-over-4,800K on Xbox
Elden Ring,all,lifetime,30000000,,,,,2025-07-31,https://alineaanalytics.substack.com/p/games-with-co-op-generated-over-4,over 30M copies globally; approx
PEAK,Steam,lifetime,6800000,,,,7.99,2025-07-29,https://alineaanalytics.substack.com/p/indie-games-old-and-new-killed-it,6.8M sold; over $40M; approx
WUCHANG: Fallen Feathers,Steam,lifetime,600000,,,,,2025-07-29,https://alineaanalytics.substack.com/p/indie-games-old-and-new-killed-it,over 600K on Steam; approx
WUCHANG: Fallen Feathers,PlayStation,lifetime,240000,,,,,2025-07-29,https://alineaanalytics.substack.com/p/indie-games-old-and-new-killed-it,240K on PlayStation; approx
The King Is Watching,Steam,lifetime,158000,,,2025-07-21,,2025-07-29,https://alineaanalytics.substack.com/p/indie-games-old-and-new-killed-it,158K overall; over $1.7M; 51% audience China; approx
Killing Floor 3,Steam,lifetime,197000,,,,,2025-07-29,https://alineaanalytics.substack.com/p/indie-games-old-and-new-killed-it,197K on Steam; $6.7M
Killing Floor 3,PS5,lifetime,100000,,,,,2025-07-29,https://alineaanalytics.substack.com/p/indie-games-old-and-new-killed-it,fewer than 100K on PS5; approx
Mage Arena,Steam,lifetime,235000,,,2025-07-24,2.99,2025-07-29,https://alineaanalytics.substack.com/p/indie-games-old-and-new-killed-it,235K total (incl 116K on Jul 28); price rising to $4.99; US 46% / Poland #2 / Russia #3
Red Dead Redemption 2,all,lifetime,75000000,,,,,2025-07-29,https://alineaanalytics.substack.com/p/indie-games-old-and-new-killed-it,over 75M copies across platforms; approx
Abiotic Factor,Steam,lifetime,1500000,,,,,2025-07-29,https://alineaanalytics.substack.com/p/indie-games-old-and-new-killed-it,1.5M sold prior to / during early access; approx
Stellar Blade,Steam,lifetime,1500000,,,,60,2025-07-24,https://alineaanalytics.substack.com/p/chinese-audiences-have-been-a-huge,1.5M on Steam; over half from China; China price Y268/~$37 vs US $60
DEATH STRANDING 2: ON THE BEACH,PS5,lifetime,1000000,,,,,2025-07-24,https://alineaanalytics.substack.com/p/chinese-audiences-have-been-a-huge,passed 1M sold on PS5
Forza Horizon 5,Steam,lifetime,6500000,,,,,2025-07-22,https://alineaanalytics.substack.com/p/forza-horizon-5-is-now-2025s-top,Steam version
Forza Horizon 5,PS5,25 days,2000000,,,,,2025-07-22,https://alineaanalytics.substack.com/p/forza-horizon-5-is-now-2025s-top,2M on PS5 25 days after launch
DEATH STRANDING 2: ON THE BEACH,PS5,25 days,1000000,,,,,2025-07-22,https://alineaanalytics.substack.com/p/forza-horizon-5-is-now-2025s-top,1M 25 days after launch; sales stabilising
Astro Bot,PS5,3 months,2000000,,,,,2025-07-22,https://alineaanalytics.substack.com/p/forza-horizon-5-is-now-2025s-top,passed 2M ~3 months after launch; will pass 3M by end of summer
Assassin's Creed Shadows,PS5,lifetime,2000000,,,2025-03-20,70,2025-07-22,https://alineaanalytics.substack.com/p/forza-horizon-5-is-now-2025s-top,around 2M on PS5; approx
Assassin's Creed Shadows,Steam,lifetime,650000,,,2025-03-20,,2025-07-22,https://alineaanalytics.substack.com/p/forza-horizon-5-is-now-2025s-top,650K on Steam
EA Sports College Football 26,PS5,launch (2 weeks),1200000,,,,,2025-07-22,https://alineaanalytics.substack.com/p/forza-horizon-5-is-now-2025s-top,approaching 1.2M after less than two weeks; approx
Tony Hawk's Pro Skater 3+4,all (Steam+PS5),lifetime,100000,,,2025-07-11,,2025-07-17,https://alineaanalytics.substack.com/p/steam-playstation-and-xboxs-most,just over 100K copies; over 85% via PlayStation; approx
PEAK,Steam,lifetime,5600000,,,,,2025-07-17,https://alineaanalytics.substack.com/p/steam-playstation-and-xboxs-most,over 5.6M total; sold ~1M last week; +300K since Monday; approx
Cyberpunk 2077,Steam,lifetime,16400000,,,,21,2025-07-17,https://alineaanalytics.substack.com/p/steam-playstation-and-xboxs-most,crossed 16.4M on Steam; $21 lowest Steam price
R.E.P.O.,Steam,lifetime,16000000,,,,,2025-07-17,https://alineaanalytics.substack.com/p/steam-playstation-and-xboxs-most,over 16M; sold 278K last week; best-selling Steam game of 2025
Sons of the Forest,Steam,lifetime,13900000,,,,10,2025-07-17,https://alineaanalytics.substack.com/p/steam-playstation-and-xboxs-most,292K last week (473K week before); discount $30 to $10
RimWorld,Steam,lifetime,5000000,,,,,2025-07-17,https://alineaanalytics.substack.com/p/steam-playstation-and-xboxs-most,core game; launched 2018; highest-ever CCU ~95K; ~300K DAU on weekend
RimWorld: Odyssey,Steam,lifetime,250000,,,2025-07-11,,2025-07-17,https://alineaanalytics.substack.com/p/steam-playstation-and-xboxs-most,DLC; 206K launch week; now over 250K; approx
PEAK,Steam,lifetime,4600000,,,,,2025-07-10,https://alineaanalytics.substack.com/p/junes-most-downloaded-games-playstation,now sold 4.6M on Steam
EA Sports FC 25,PlayStation,lifetime,19200000,,,,,2025-07-10,https://alineaanalytics.substack.com/p/junes-most-downloaded-games-playstation,total PlayStation exceeds 19.2M; 59% of FC24 players not upgraded
DEATH STRANDING 2: ON THE BEACH,PlayStation,launch (1 week),687000,,,2025-06-26,,2025-07-10,https://alineaanalytics.substack.com/p/junes-most-downloaded-games-playstation,launched #2; 687K by end of June; FF7 Rebirth sold 1.75x after two weeks
DEATH STRANDING 2: ON THE BEACH,PlayStation,lifetime,860000,,,2025-06-26,,2025-07-10,https://alineaanalytics.substack.com/p/junes-most-downloaded-games-playstation,now 860K; China #2 market; PC port predicted Q3 2026
Rematch,PlayStation,lifetime,710000,,,,,2025-07-10,https://alineaanalytics.substack.com/p/junes-most-downloaded-games-playstation,710K overall on PlayStation
Rematch,Steam,lifetime,1400000,,,,,2025-07-10,https://alineaanalytics.substack.com/p/junes-most-downloaded-games-playstation,1.4M on Steam
Forza Horizon 5,PS5,lifetime,2900000,,,,,2025-07-10,https://alineaanalytics.substack.com/p/junes-most-downloaded-games-playstation,just under 2.9M on PS5; almost surpassed Astro Bot; approx
Grand Theft Auto V,all,lifetime,215000000,,,,,2025-07-10,https://alineaanalytics.substack.com/p/junes-most-downloaded-games-playstation,215M across all platforms
Clair Obscur: Expedition 33,PlayStation,lifetime,1300000,,,,,2025-07-10,https://alineaanalytics.substack.com/p/junes-most-downloaded-games-playstation,1.3M on PlayStation; 2x Metaphor ReFantazio
Clair Obscur: Expedition 33,Steam,lifetime,2200000,,,,,2025-07-10,https://alineaanalytics.substack.com/p/junes-most-downloaded-games-playstation,2.2M on Steam
Stellar Blade,PS5,lifetime,2100000,,,,69.99,2025-07-10,https://alineaanalytics.substack.com/p/junes-most-downloaded-games-playstation,jumped 1.83M to ~2.1M in under 4 weeks after June 11 PC launch; +220K units; +$10M PS5 revenue; approx
PEAK,Steam,lifetime,3500000,,,,,2025-07-03,https://alineaanalytics.substack.com/p/junes-steam-top-10-seven-1m-sellers,sold over 3M in June; now 3.5M; almost $20M; approx
Rematch,Steam,lifetime,1300000,,,,,2025-07-03,https://alineaanalytics.substack.com/p/junes-steam-top-10-seven-1m-sellers,now 1.3M; publisher Kepler; approx
Rematch,PS5,lifetime,563000,,,,,2025-07-03,https://alineaanalytics.substack.com/p/junes-steam-top-10-seven-1m-sellers,563K on PS5; 60% played FC25 / 88% Rocket League
Elden Ring Nightreign,Steam,lifetime,2500000,,,,,2025-07-03,https://alineaanalytics.substack.com/p/junes-steam-top-10-seven-1m-sellers,sold 1.1M in June; DAUs declining; over $84M; approx
Elden Ring Nightreign,PlayStation,lifetime,1300000,,,,,2025-07-03,https://alineaanalytics.substack.com/p/junes-steam-top-10-seven-1m-sellers,1.3M on PlayStation
Stellar Blade,Steam,lifetime,1400000,,,,,2025-07-03,https://alineaanalytics.substack.com/p/junes-steam-top-10-seven-1m-sellers,to date 1.4M on Steam; approx
R.E.P.O.,Steam,lifetime,15500000,,,,8,2025-07-03,https://alineaanalytics.substack.com/p/junes-steam-top-10-seven-1m-sellers,sold 1.1M in June; total 15.5M; price drop $10 to $8
Dune: Awakening,Steam,launch (1 month),1100000,,,,,2025-07-03,https://alineaanalytics.substack.com/p/junes-steam-top-10-seven-1m-sellers,1.1M in launch month
Dune: Awakening,Steam,lifetime,1300000,,,,,2025-07-03,https://alineaanalytics.substack.com/p/junes-steam-top-10-seven-1m-sellers,now 1.3M; over $50M; approx
PEAK,Steam,lifetime,1800000,,,,,2025-06-25,https://alineaanalytics.substack.com/p/last-week-was-wild-on-steam-and-not,now 1.8M; publisher Landfall
Rematch,Steam,lifetime,964000,,,,,2025-06-25,https://alineaanalytics.substack.com/p/last-week-was-wild-on-steam-and-not,total 964K on Steam
Revenge on Gold Diggers,Steam,lifetime,1000000,,,,,2025-06-25,https://alineaanalytics.substack.com/p/last-week-was-wild-on-steam-and-not,almost 1M overall; 73% players in China; approx
Dune: Awakening,Steam,lifetime,1000000,,,,,2025-06-25,https://alineaanalytics.substack.com/p/last-week-was-wild-on-steam-and-not,crossed 1M; milestone announced by Funcom; approx
R.E.P.O.,Steam,lifetime,15000000,,,,,2025-06-25,https://alineaanalytics.substack.com/p/last-week-was-wild-on-steam-and-not,233K last week (June 16-23); lifetime 15M
Stellar Blade,Steam,lifetime,1300000,,,,,2025-06-25,https://alineaanalytics.substack.com/p/last-week-was-wild-on-steam-and-not,211K last week; 1.3M on Steam; China majority; approx
Broken Arrow,Steam,lifetime,259000,,,,,2025-06-25,https://alineaanalytics.substack.com/p/last-week-was-wild-on-steam-and-not,259K overall; 14% wishlisters Russia
Stellar Blade,Steam,launch (1 day),544000,,,2025-06-11,,2025-06-19,https://alineaanalytics.substack.com/p/stellar-blade-is-a-steam-hit-as-discounted,544K by launch day June 11
Stellar Blade,Steam,lifetime,1100000,,,2025-06-11,,2025-06-19,https://alineaanalytics.substack.com/p/stellar-blade-is-a-steam-hit-as-discounted,over 1.1M on Steam; 56% players China; approx
Stellar Blade,PS5,launch (1 week),566000,,,,,2025-06-19,https://alineaanalytics.substack.com/p/stellar-blade-is-a-steam-hit-as-discounted,PS5 version one week after 2024 launch; PC selling twice as fast
Dune: Awakening,Steam,lifetime,969000,,,,,2025-06-19,https://alineaanalytics.substack.com/p/stellar-blade-is-a-steam-hit-as-discounted,now 969K; 2.7M wishlists
R.E.P.O.,Steam,lifetime,15000000,,,,,2025-06-19,https://alineaanalytics.substack.com/p/stellar-blade-is-a-steam-hit-as-discounted,188K last week; lifetime 15M
Elden Ring Nightreign,Steam,lifetime,2300000,,,,,2025-06-19,https://alineaanalytics.substack.com/p/stellar-blade-is-a-steam-hit-as-discounted,165K last week; DAUs decaying; ~60% played 20h+
Elden Ring Nightreign,PlayStation,lifetime,1200000,,,,,2025-06-19,https://alineaanalytics.substack.com/p/stellar-blade-is-a-steam-hit-as-discounted,1.2M on PlayStation
The Alters,Steam,lifetime,135000,,,2025-06-13,,2025-06-19,https://alineaanalytics.substack.com/p/stellar-blade-is-a-steam-hit-as-discounted,to date 135K; China 45%/US 16%/Russia 6%
Resident Evil Village,Steam,lifetime,3600000,,,,,2025-06-19,https://alineaanalytics.substack.com/p/stellar-blade-is-a-steam-hit-as-discounted,3.6M on Steam; approx
Resident Evil 4,Steam,lifetime,3700000,,,,,2025-06-12,https://alineaanalytics.substack.com/p/last-weeks-top-steam-games-summer,2023 remake
Resident Evil 4,PlayStation,lifetime,5800000,,,,,2025-06-12,https://alineaanalytics.substack.com/p/last-weeks-top-steam-games-summer,2023 remake
Lies of P: Overture,Steam,lifetime,141000,,,,,2025-06-12,https://alineaanalytics.substack.com/p/last-weeks-top-steam-games-summer,DLC; 100K over weekend; attach rate over 12%
Lies of P,Steam,lifetime,1100000,,,,30,2025-06-12,https://alineaanalytics.substack.com/p/last-weeks-top-steam-games-summer,over 1.1M on Steam; discount to $30
Lies of P,PlayStation,lifetime,1100000,,,,,2025-06-12,https://alineaanalytics.substack.com/p/last-weeks-top-steam-games-summer,1.1M on PlayStation
Elden Ring Nightreign,PlayStation,lifetime,1000000,,,,,2025-06-12,https://alineaanalytics.substack.com/p/last-weeks-top-steam-games-summer,over 1M on PlayStation
Deltarune,Steam,lifetime,600000,,,2025-06-04,,2025-06-12,https://alineaanalytics.substack.com/p/last-weeks-top-steam-games-summer,600K+ overall; half in US; 63% played Undertale
Stellar Blade,Steam,launch (1 day),544000,,,2025-06-11,,2025-06-12,https://alineaanalytics.substack.com/p/last-weeks-top-steam-games-summer,544K lifetime by launch day June 11; 116K followers; 1.6M wishlists
Dune: Awakening,Steam,lifetime,700000,,88,2025-06-10,,2025-06-12,https://alineaanalytics.substack.com/p/last-weeks-top-steam-games-summer,over 700K already; peak 140K CCU launch day; user score 88%; US 43%; launched June 10
Nintendo Switch 2,Switch 2,launch (4 days),3500000,,,,,2025-06-12,https://alineaanalytics.substack.com/p/last-weeks-top-steam-games-summer,console hardware; 3.5M units in four days; Nintendo's fastest-selling console ever; to consumers
The Legend of Zelda: Link's Awakening,Switch,lifetime,7000000,,,,,2025-06-12,https://alineaanalytics.substack.com/p/last-weeks-top-steam-games-summer,7M+ on Switch; approx
Animal Crossing: New Horizons,Switch,lifetime,48000000,,,,,2025-06-12,https://alineaanalytics.substack.com/p/last-weeks-top-steam-games-summer,48M+ copies; approx
Forza Horizon 5,PS5,lifetime,2200000,,,,48,2025-06-05,https://alineaanalytics.substack.com/p/xbox-games-dominate-ps5-elden-ring,overtook AC Shadows May 15; price $60 then $48
Assassin's Creed Shadows,PS5,lifetime,1800000,,,2025-03-20,70,2025-06-05,https://alineaanalytics.substack.com/p/xbox-games-dominate-ps5-elden-ring,plateaued ~1.8M on PS5 since launch; approx
Black Myth: Wukong,all,lifetime,25000000,,,,,2025-06-05,https://alineaanalytics.substack.com/p/xbox-games-dominate-ps5-elden-ring,25M+ copies; over $1B; $42M dev budget; approx
Black Myth: Wukong,Steam,lifetime,14900000,,,,,2025-06-05,https://alineaanalytics.substack.com/p/xbox-games-dominate-ps5-elden-ring,58% China
Black Myth: Wukong,PS5,lifetime,6300000,,,,,2025-06-05,https://alineaanalytics.substack.com/p/xbox-games-dominate-ps5-elden-ring,42% China
Elden Ring Nightreign,all,lifetime,3500000,,,,,2025-06-05,https://alineaanalytics.substack.com/p/xbox-games-dominate-ps5-elden-ring,over 3.5M across all platforms; 85% PS/80% Steam played original
Elden Ring Nightreign,PS5,lifetime,1000000,,,,,2025-06-05,https://alineaanalytics.substack.com/p/xbox-games-dominate-ps5-elden-ring,almost 1M on PS5; approx
Elden Ring Nightreign,Steam,lifetime,1800000,,,,,2025-06-05,https://alineaanalytics.substack.com/p/xbox-games-dominate-ps5-elden-ring,1.8M on Steam
Elden Ring,all,lifetime,30000000,,,,,2025-06-05,https://alineaanalytics.substack.com/p/xbox-games-dominate-ps5-elden-ring,30M+ copies original; approx
R.E.P.O.,Steam,lifetime,14400000,,,,,2025-06-05,https://alineaanalytics.substack.com/p/xbox-games-dominate-ps5-elden-ring,14.4M lifetime; US ~25%/Russia ~9%; approx
Clair Obscur: Expedition 33,Steam,lifetime,1800000,,,,,2025-06-05,https://alineaanalytics.substack.com/p/xbox-games-dominate-ps5-elden-ring,1.8M on Steam; US+Japan ~half; France #3; approx
Schedule 1,Steam,lifetime,8200000,,,,,2025-06-05,https://alineaanalytics.substack.com/p/xbox-games-dominate-ps5-elden-ring,8.2M lifetime; 160K DAU down from 1.7M peak; China 0.6%
The Elder Scrolls IV: Oblivion Remastered,Steam,lifetime,2000000,,,,,2025-06-05,https://alineaanalytics.substack.com/p/xbox-games-dominate-ps5-elden-ring,crossed 2M; 71.1% played Skyrim; approx
Helldivers 2,Steam,lifetime,11700000,,,,,2025-06-05,https://alineaanalytics.substack.com/p/xbox-games-dominate-ps5-elden-ring,11.7M on Steam; ~5M wishlists; approx
EA Sports FC 25,PlayStation,lifetime,18000000,,,,,2025-06-05,https://alineaanalytics.substack.com/p/xbox-games-dominate-ps5-elden-ring,over 18M on PlayStation; 61% FC24 not played FC25; approx
Clair Obscur: Expedition 33,PS5,lifetime,1000000,,,,,2025-06-05,https://alineaanalytics.substack.com/p/xbox-games-dominate-ps5-elden-ring,over 1M on PS5; approx
Minecraft,all,lifetime,350000000,,,,,2025-06-05,https://alineaanalytics.substack.com/p/xbox-games-dominate-ps5-elden-ring,350M+ copies overall; approx
Elden Ring Nightreign,Steam,pre-orders,500000,,,,40,2025-05-27,https://alineaanalytics.substack.com/p/mays-biggest-game-isnt-out-yet-april,nearly 500K already bought pre-launch
Schedule 1,Steam,lifetime,8000000,,,,,2025-05-27,https://alineaanalytics.substack.com/p/mays-biggest-game-isnt-out-yet-april,8M lifetime; China 0.6%; approx
R.E.P.O.,Steam,lifetime,14100000,,,,10,2025-05-27,https://alineaanalytics.substack.com/p/mays-biggest-game-isnt-out-yet-april,14.1M lifetime; over half played Lethal Company or Phasmophobia
The Elder Scrolls IV: Oblivion Remastered,Steam,launch (1 month),1400000,,,,,2025-05-27,https://alineaanalytics.substack.com/p/mays-biggest-game-isnt-out-yet-april,April launch month; surprise shadow drop
The Elder Scrolls IV: Oblivion Remastered,Steam,lifetime,2000000,,,,,2025-05-27,https://alineaanalytics.substack.com/p/mays-biggest-game-isnt-out-yet-april,close to 2M; 71.1% played Skyrim; approx
Clair Obscur: Expedition 33,Steam,lifetime,1600000,,,,,2025-05-27,https://alineaanalytics.substack.com/p/mays-biggest-game-isnt-out-yet-april,1.6M on Steam; outselling Metaphor/FF; approx
Forza Horizon 5,PS5,lifetime,2000000,,,2025-03-28,,2025-05-27,https://alineaanalytics.substack.com/p/mays-biggest-game-isnt-out-yet-april,almost 2M; fastest Xbox-to-PlayStation launch; release date approx
Assassin's Creed Shadows,PS5,lifetime,1800000,,,2025-03-20,,2025-05-27,https://alineaanalytics.substack.com/p/mays-biggest-game-isnt-out-yet-april,just shy of 1.8M on PS5; approx
